hieu_plays,3d067b2e-b294-3518-b651-2a85e65ab1bf
znightlord,4ab5a0e9-0bf3-39a8-99a3-c3fa79c461ea
yamicchi,7a00d77c-8547-37b5-817e-66042ad86100
lequanglam,14e4cc27-98ea-3238-99c2-e94209f28e84
villager,d6ab399f-444b-37f2-8fe5-6756fffc288a
jmank390,b471e655-3c15-39cc-9406-55e05c945519
tuanhai,ca257b09-799b-3249-8a5a-54f06cba6416
shadowkyra,09149722-903a-3dd5-bbee-f5bab45b27b3
nobipumpkin_vn,419219bf-71d8-322b-9bc7-69e21c5c6a10
tax,d058b140-bb37-3366-9c6b-6384956ee08b
kannazuki_arin,f5dc876a-ecc1-32c6-a9c6-e043710d4077
nesfan,5a5539a3-88b3-39a7-8050-ff21f60d54e1
trungbmt,047004d7-ce06-3984-ba5d-0012891ddd71
waotaidz,1cf62bfc-a0d1-3d04-92cd-9dc9d5338c17
duysongloi,97c494d1-09c6-3b5c-972c-5d523f356ae2
jt_towarsdz_,a2bd2391-9f6f-301c-94d5-3a3098165dc3
mentixus,48c3efe7-993c-329e-91ea-89fc22ad059d
tuanhai2,0560bbbf-0a75-3d12-bc07-746487870659
banbeucmas,dcc9db88-399e-3985-b2ed-7a30e88a7cca
boyjame,2dfb11eb-18f1-376c-b3cb-dce568ca8e7d
strongdavid7,7964b09f-0df8-329b-9f49-088a9944c893
vinhgaming,5d8ace0b-1499-3a1e-8256-a6b06852f605
fatcat1122,94e83eb6-23b1-3d75-b3b6-2f6a2c9275f3
